category,government,government_problem,government_links,municipal,community,everyone
population,"
 
Vähendada perede kulusid alusharidusele. Selleks siduda lasteaiatasu lahti miinimumpalgast ning defineerida selgemini millistel alustel vabastatakse laps/lapsed lasteaia kohatasust. Täpsustada minimaalne lastehoiu kaugus lapsevanemale pakutud hoiukohast. Tõsta lastevanemate teadlikkust sellest, milleks lasteaia kohatasu kasutada saab. #rahvaalgatusveeb #lastekaitseliit #lastejaperedeprogramm","Probleem: kui peres on mitu lasteaia ealist last, võib sõltuvalt omavalitsusest kuluda lasteaia tasule (alusharidusele) arvestatav osa igakuisest pere eelarvest, mis seab lasterikkad pered kehvemasse majanduslikku olukorda. Vajaduspõhised soodustused on omavalitsustes ebaühtlased.  ",Sotsiaalministeeriumi laste- ja perede programm: https://www.sm.ee/et/lapsed-ja-pered,Luua noorte iseseisvumise toetamiseks nn ametikorterite laadne lahendus.,"Käivitada huviringidesse sõidu hõlbustamiseks e-süsteem, nn huvitakso: kaardistada vajadused ja võimalused (kellel vaja sõita kuhu), käivitada huvitakso (autopartner) ning huvitakso fond (panustab KOV, riik, ettevõtjad, eraisikud).","Saan rääkida oma tööandjaga, et ta aitaks luua avalikes/vaba aja veetmise kohtades lapse mängu- ja hoiukohti. "
population,"Täpsustada riigilt KOVle eraldatud huviharidustoetuse kasutamise tingimused selliselt, et toetus jõuaks enam lasteni. Igal lapsel peab olema võimalus käia vähemalt ühes tasuülempiiriga EHISes või spordiregistreis registreeritud ringis. #HTMnoortevaldkond #lasterikasteperedeliit","Probleem: kuigi riigieelarvest eraldatakse omavalitsustele huvihariduse parandamiseks lisatoetust, ei ole see tingimata huviharidusest osa saamise võimalusi suurendanud. ",Haridus- ja teadusstrateegia 2035: https://www.hm.ee/et/kaasamine-osalemine/haridus-ja-teadusstrateegia-aastateks-2021-2035,"Uurida millistel KOV asutustel on hoiukoha loomise järele vajadus, kas ja millist ressurssi nad selleks juurde vajavad. Luua laste mängunurkade-hoiukohtade rajamiseks toetusfond.","Mõelda välja ja käivitada startup-na ägedaid ja loovaid lastehoiu mudeleid: nt lapsed külakorda üksteisele külla, luua lapsehoiu- mängukohti kohalike asutuste juurde.","Kui oskaksin IT-d, teeksin äpi, mis aitaks lastevanematel sooduspakkumiste ja toetuste kohta rohkem infot leida."
population,"Indekseerida peretoetused, et inflatsioon ei halvendaks perede toimetulekut.  #rahvaalgatusveeb #lasterikasteperedeliit","Probleem: lasterikkus asetab pered kehvemasse majanduslikku olukorda. Majandusliku kindluse tagamiseks on oluline, et elukalliduse tõus ei halvendaks pere toimetulekut.  ",Rahvaalgatusveeb,"Analüüsida regulaarselt vallas/linnas elavate lapsevanemate vajadusi, et pakkuda peredele vajalikke ning kasutajasõbralikke teenuseid.","Kujundada laste kasvatamist toetavaid kogukonnateenuseid, sh arendada jagamismajandust, luua kaugtöökohad. ","Igaüks olla riigile aktiivne partner, anda tagasisidet ning vajalikke teavitusi."
population,Vaadata üle ja lihtsustada lastehoiu rajamise nõuded. #rahvaalgatusveeb,"Probleem: töö- ja pereelu ühildamiseks ei ole piisavalt taskukohaseid lastehoiuvõimalusi. Kui lastehoidu oleks lihtsam rajada, tekiks teenusepakkujaid juurde. ",Rahvaalgatusveeb,"Korraldada lastehoiuteenused paindlikumaks: toetada lapsehoidu võimaldavaid seltse/külamaju ning hoiukohti loovaid asutusi; jagada lasteaiakohti osalise ajaga töötavatele vanematele; pakkuda ka ajutist lastehoidu, jms. ","Aidata talgutööna kaasa kui mõni noor pere alustab maja ehitamist. Panustada saab materjalide, oma spetsiifiliste teadmiste, oskustega.","Saan aidata kujundada töökohtadel häid praktikaid - konsulteerida, harida tööandjaid võimalustest lapsehoolduspuhkusel oleva töötajaga kontakti hoidmiseks. Tööandjana saan olla eeskujuks. "
population,"Kindlustada, et igas detailplaneeringus ning ehitusloas, mis puudutab vähemalt 100 inimest, näidatakse kuidas toetatakse taristuga laste kasvatamist. #RaMplaneeringud
","Probleem: pered vajavad kodulähedasi teenuseid ning lastesõbralikku elukeskkonda. Kui sellele uusarenduste juures tähelepanu ei pöörata, ei soosi elukeskkond perede kasvu. ",Rahandusministeeriumi planeeringuvaldkond: https://www.rahandusministeerium.ee/et/ruumiline-planeerimine,"Tagada, et haridusasutuste juures olevad mänguväljakud on avalikus kasutuses.","Muuta laste huvitegevus mitmekesisemaks: leida inimesed, kes on valmis vabatahtlikuna osalema mitte-formaalse hariduse pakkumises.","Töötajana saan aidata kaasa laste hoiukohtade loomisse kaardistades hoidjad, keda tööle kutsuda."
population,"Laiendada KREDEXi lasterikaste perede kodutoetuse tingimusi ja portfelli, et kõigile lastele oleks võimalik tagada nende heaolu ja arengut toetav eluase. #MKMelamumajandus",Probleem: eluruumidega seonduv on üheks olulisemaks suureneva pere toimetulekut mõjutavaks probleemiks. Olemasolevatest toetusest saavad abi väga vähesed.  ,Majandus- ja Kommunikatsiooniministeeriumi elamumajandusvaldkond: https://www.mkm.ee/et/eesmargid-tegevused/ehitus-ja-elamumajandus/elamumajandus,Tagada lastele kodulähedane koolikoht.,"Võtta enda kanda kogukondlike ühisürituste ja perepäevade korraldamine, et luua ühistunnet perede vahel. ","Saan jagada oma koduehituse kogemust - mis maksab, kust saab materjali, ehistuspartnerid - et noortel oleks julgust oma kodu rajada."
population,"Suurendada riigi poolt finantseeritavate vanemluskoolituste mahtu ning tagada, et need oleksid kättesaadavad igas maakonnas, nii enne lapse sündi kui suuremate laste vanematele. #lastejaperedeprogramm ","Probleem: vanemluskoolitused on ebaühtlaselt kättesaadavad, kuigi huvi nende vastu on suur.  ",Sotsiaalministeeriumi laste- ja perede programm: https://www.sm.ee/et/lapsed-ja-pered,Toetada mitmekesist huviharidust. ,Olla talgute korras üksteisele abiks.,"Saan ise lastele üritusi ja koolitusi korraldada või minna kooli tundi läbi viima. Saan olla tugiisikuks noorele, kes seda vajab või edastada noorte tahtmist otsustajatele. "
population,Parandada pereteraapia kättesaadavust riik-KOV koostöös #lastejaperedeprogramm ,"Probleem: uuringud näitavad, et rahulolematus paarisuhtega on üheks põhjuseks, miks naised ei soovi (rohkem) lapsi saada. Pereteraapia ei ole kõigile soovijatele kättesaadav. ",Sotsiaalministeeriumi laste- ja perede programm: https://www.sm.ee/et/lapsed-ja-pered,Luua tingimused töö- ja pereelu ühildamiseks tagades infrastruktuur (nt käru ja lapsega tööle). ,"Tööandjate kogukond saab kujundada töö- ja pereelu ühildamise heaks tavaks, luua  vanematele tugivõrgustiku.",Saan algatada kogukonnas arutelu laste huviringidesse sõiduks jagamismajandusel põhineva e- süsteemi algatamiseks. 
population,"Võtta plaani perioodiline sündimuskäitumise ja vanemlushoiakute uurimine, mis aitaks hinnata hoiakuid ja võrrelda neid tegeliku käitumisega. Sh uurida emadust, isadust kui vanavanemlust. Tagada regulaarseks uuringutegevuseks ning tulemuste kommunikeerimiseks vajalikud ressursid. #lastejaperedeprogramm ","Probleem: kui regulaarsed uuringud puuduvad, ei saa kujundada mõjusaid poliitikaid.   ",Sotsiaalministeeriumi laste- ja perede programm: https://www.sm.ee/et/lapsed-ja-pered,Tunnustada paljulapselisi peresid. ,"Luua rahatarkuseks eeskujusid. Kellel vaja, neile õpetada rahavaäärtust. ","Saan tööandjana pakkuda kaugtööks võimalusi. Headest näidetest tuleb rääkida, neid kes kõhklevad koolitada. Ise tuleb julgemalt küsida kaugtööks võimalust, aga ka seada piiri töö ja eraelu vahel. Vajadusel julgen tööd ja eriala vahetada."
population,"Luua lapsevanematele ühtne ja kasutajasõbralik teenusplatvorm. Kuna käimas on eesti.ee arendmine, võtta laste- ja peredega seotud teenuste arendustööd ette eelisjärjekorras, siduda hetkel erinevad platvormid nagu SKA, Haigekassa, tarkvanem.ee ning parandada teavitussüsteemi. #sotsiaalministeerium #majandusjakommunikatsiooniministeerium","Probleem: info laste kasvatamiseks ning pere turvatunde loomiseks oluliste teenuste kohta on killustunud ning eesti.ee platvorm ei ole kõige kasutajasõbralikum. Nii ei tea paljud vanemad soodustustest, mis on neile riigi poolt tagatud, ega jõua mugavalt teenusteni. ",Majandus- ja kommunikatsiooniministeerium infoühiskonna teenuste arendamine:  https://www.mkm.ee/et/tegevused-eesmargid/infouhiskond/infouhiskonna-teenused,Korraldada lapsevanematele vajaduspõhiselt rahaplaneerimise koolitusi. ,,"Saan koduseid tegemisi lastega jagada, olla kogukonnas aktiivne ning korraldada peredele mõeldud üritusi.  "
national-migration,Suunata kütuseaktsiisist suurem ja kokkulepitud osa teede korrashoidu. #rahandusministeerium #rahvaalgatusveeb,"Probleem: kehv teede olukord pärsib liikuvust, vähendab teenuste kättesaadavust ning muudab tootmise ja turundamise kallimaks.  ",Rahandusministeeriumi maksupoliitika valdkond: https://www.rahandusministeerium.ee/et/maksu-ja-tollipoliitika,Võimaldada kogukonnaühingutele tegevustoetust ühisürituste korraldamiseks.,Luua kogukonnas turvatunnet. Julgustada üksteist omavahel suhtlema ja teineteist aitama. ,Toetan oma tarbimisvalikutega Eesti väikeettevõtlust ja puhkan Eestis.
national-migration,Viia kvaliteetne ettevõtlusõpe kõikidesse koolidesse. #üldharidusprogramm,Probleem: ebaühtlane ettevõtllusharidus loob noortele ebavõrdse stardipositsiooni. ,Haridus- ja teadusstrateegia 2035: https://www.hm.ee/et/kaasamine-osalemine/haridus-ja-teadusstrateegia-aastateks-2021-2035,Enne otsustamist küsida ja aktsepteerida kogukonna arvamust. ,Eelistada teenuste valikul kohalikke väikeettevõtteid. ,Jätkan ka ise maal elamist ja olen aktiivne.
national-migration,"Anda KOVile õigus ja ressursid, et tegeleda elamuehituse ja ettevõtlusmaa arendusega (maa ja hoonestusõigus). #regionaalarengustrateegia",Probleem: sobiva eluaseme puudumine on üheks takistuseks maale elama asumisel. KOVide valmisolekut investeerida elamuehitusse ja ettevõtlusmaa arendamisse takistab munitsipaalmaa vähesus.,Regionaalarengu strateegia: https://www.rahandusministeerium.ee/et/regionaalareng-ja-poliitika,Toetada ja kiita oma kogukondi ning suhelda nende vajadustest riigiga.,Luua tugisüsteemid paindlikuks töötamiseks. ,Olen  ettevõtlik kogukonnaliige ja osalen kogukonna juhtimises - ürituste korraldamises ning suhtlusringi laiendamises.
national-migration,"Arendada edasi riiklikku üürimajade programmi, kaasata sellesse ka erakapitali. #MKMelamumajandus",Probleem: sobiva eluaseme puudumine on üheks takistuseks maale elama asumisel. ,MKM elamumajandus: https://www.mkm.ee/et/eesmargid-tegevused/ehitus-ja-elamumajandus/elamumajandus,"Tekitada kaugtöökohti ning kaugtöö võimaluste edendamiseks lobistada ettevõtjaid, pakkuda neile soodustusi.","Kogukond käib koos ja leiab ühisosa, korraldab üritusi, loob vajalikke teenuseid ja töökohti. Kogukond räägib-räägib-räägib",Võtan ausa ettevõtjana vastutuse ja ei kuritarvita võimalikke maksusoodustusi 
national-migration,"Leppida kokku avalike teenuste miinimumstandardid ning riigi tugi teenuste tagamiseks regioonides, ametikohtade mehitamiseks. #rahvaalgatusveeb #Eesti2035 #heaoluarengukava","Probleem: avalike teenuste kättesaadavus ja kvaliteet on ebaühtlased, mis mõjutab kohalikku elukvaliteeti ning võib sundida kodukohast lahkuma. ","Eesti 2035: https://www.riigikantselei.ee/et/Eesti2035
Heaolu Arengukava: https://www.sm.ee/et/heaolu-arengukava-2016-2023 ",Võimaldada huvilistele maale kolimise toetust. ,"Olla vastuvõtlik ja avatud, kokku hoidev ja suhtlusaldis. ","Annan teada oma vajadustest, kui miski takistab mul töötamist, teenuste kasutamist, enesearendamist."
national-migration,Seada tasakaalustatud Eesti areng prioriteediks Eesti elu kujundamisel lähiaastatel. #Eesti 2035 ,"Probleem: areng on üle Eesti olnud ebaühtlane, mis kasvatab ebavõrdsust ning ei toeta ühtlast riigi ja rahvastiku arengut. ",Eesti 2035: https://www.riigikantselei.ee/et/Eesti2035,"Kaardistada piirkonna kasutamata ressursid, luua võimalusi ettevõtluseks, kaasfinantseerida ja teavitada elanikke teenustest.","Tervitada uusi tulijaid ja hoida vanu olijaid. Suhtuda positiivselt omadesse, kes on kaugel.",Maal elamisest rääkides keskendun positiivsele.
national-migration,Seada liikuvus ning hea transpordikorraldus riigi prioriteediks. #Eesti 2035,"Probleem: vähesed liikumisvõimalused tekiavad tõrjutust ning ebavõrdsust, raskendavad ettevõtlust.  ",Eesti 2035: https://www.riigikantselei.ee/et/Eesti2035,"Toetada kohalikke ettevõtjaid, ergutada kinnisvaraturgu. ","Kutsuda oma külakeskustesse eksperte ja eestvedajaid, kes korraldavad arutelusid, häkathone jms.","Ma ei pea kartma paindlikku tööd ja saan tööandjaga koos rääkida läbi ohud, aga ka kasu."
national-migration,"Luua ettevõtlusega alustamise innustamiseks maapiirkondadele kättesaadavaid ja paindlikke toetuslahendusi (sh maksude ülevaatamine, laenuvõimalused, soodustused). #regionaalarengustrateegia",Probleem: olemasolevad ettevõtluse alustamise ja arendamise meetmed ei arvesta piisavalt maal ettevõtluse alustamise keerukusega ning jäävad kättesaamatuks. ,Regionaalarengu strateegia: https://www.rahandusministeerium.ee/et/regionaalareng-ja-poliitika,Võtta liidriroll - näidata üles huvi ja leida lahendusi oma piirkonna inimeste probleemidele. ,"Käivitada tugiprogramm, kus liikuvad loomeinkubaatorid käivad külakeskustes ja rahvamajades: a) kaardistavad piirkonna ressursid ja väljakutsed b) toimuvad häkathonid või mõttetalgud lahenduste leidmiseks c) koos on eksperdid  ja kohalikud d) kaasatakse disainerid e) kaasnev haridusprogramm lastele ja noortele f) loomekeskustest kasvavad välja mittekohapõhiste töökohtade pesad. ",Saan ise ettevõtte luua ja olla eeskujuks teistelegi.
national-migration,"Korraldada maksupoliitika teemaline debatt regionaalpoliitiliste vajaduste ja võimaluste, võimalike alternatiivide täpsustamiseks (nt Investeeringutoetuste vs maksusoodustuste mõju) #regionaalarengustrateegia","Probleem: maksuerisused võiksid olla üheks lahenduseks maapiirkondade ebavõrdsete tingimuste vähendamisel, kuid puudub erinevate meetmete mõjususe võrdlev analüüs ning kokkulepe.  ",Regionaalarengu strateegia: https://www.rahandusministeerium.ee/et/regionaalareng-ja-poliitika,Renoveerida tühjalt seisvad majad.,"Korraldada kokkusaamisi, tunnustada ja kiita aktiivseid panustajaid. ",Saan ise oma pere ja ideedega maale elama minna. 
national-migration,"Luua tingimused ""Maale elama!"" päeva korraldamiseks, sellest traditsiooni kujundamiseks #maaeluministeerium","Probleem: maaelu kuvand ei ole piisavalt atraktiivne, et rohkem inimesi näeks maapiirkonnas potentsiaali endale elu- ning töökoha rajamiseks.  ",Maaeluministeerium: https://www.agri.ee/et/eesmargid-tegevused/maaettevotlus-ja-maaelu,"Kindlustada kohalikes omavalitsustes ettevõtjatele vajalikud teenused, mh aidata ettevõtjaid bürokraatia ning ettevõtluseks vajalike nõuete kiirel lahendamisel.","Luua kogukonnas vaba aja tegevuse, huvihariduse võimalusi, ühistegemise maja.",Muudan ise kogukonnaelu aktiivsemaks.
national-migration,"Edendada kodanikuharidust, sh praktilised koolitused, edulood, kohaliku demokraatia arendamiseks. #kodanikuühiskonnaprogramm","Probleem: kui kohalikel inimestel puudub võimalus rääkida kaasa kohaliku elu kujundamises, ei pruugi teenused ja võimalused vastata kogukonnaliikmete vajadustele. Puudust tunnetades hakkavad nad uut elu- ja töökohta otsima. ",Kodanikuühiskonna programm: https://www.siseministeerium.ee/et/tegevusvaldkonnad/kodanikuuhiskond/kodar,"Soodustada koostöövõrgustike ja jagamismajanduse teket, võimaldada toetust ja soodustusi uutele tulijatele. ",Jagada infot maaelu kohta ning hoida elus vanu traditsioone.,Hoian oma välismaale õppima ja tööle läinud sõpradega sidet.
national-migration,Kujundada maaelu tutvustav haridusprogramm #maaeluministeerium,"Probleem: noored ei vali elukohaks maapiirkonda, sest maaelu on nende jaoks võõras. ",Maaeluministeerium: https://www.agri.ee/et/eesmargid-tegevused/maaettevotlus-ja-maaelu,"Teada, keda on inimestest piirkonda vaja, teha korduvalt otsingut, et kasutada asjatundjate potentsiaali. ",,"Käin ja räägin igal võimalusel, kui oluline on maaelu jätkumine ja Eesti looduse säilimine. "
national-migration,"Luua motivatsioonipakett kohalikele omavalitsustele, et neil oleks ressurssi ja võimekust olla kohaliku ettevõtluse aktiveerijaks 
(sh tulumaksu jagamine elu- ja töökoha vahel, riigimaa eraldamine). #regionaalarengustrateegia ","Probleem: palkade ebavõrdsus sunnib rändama maapiirkonnast linna või välismaale. Kohalikud omavalitsused võiksid olla ettevõtluskeskkonna arendajaks  ja aidata kaasa targemate töökohtade loomisele, kuid neil puudub selleks nii võimekus kui ressurss. ",Regionaalarengu strateegia: https://www.rahandusministeerium.ee/et/regionaalareng-ja-poliitika,Hoida oma piirkonna noortega sidet ka nende õpingute ajal ja kaasata neid kohalikku ellu. ,,Osalen aktiivselt maa-elus ning hoian elus traditsioone. 
national-migration,,,,Pakkuda soodsamalt elamukrunte. ,,Mul on võimalus valida õiged inimesed omavalitsuse volikokku ja Riigikokku.
national-migration,,,,"Tagada teede, puurkaevude jm taristu korrashoid, kaotada bürokraatlikud takistused. Pakkuda tugiteenuseid nagu lasteaiakohad, kool, perearst, vallamaja jmt, et julgustada maale kolimist.",,Koondan heade ideede taha teised inimesed. 
international-migration,"Tutvustada positiivseid ning lõimumist toetavaid hoiakuid, et kõik Eestisse panustavad inimesed tunneksid toetust ning sõltumata päritolust end turvaliselt, oodatud ja kasulikuna. #lõimumiskava","Probleem: välismaalastesse suhtutakse eelarvamustega ja ei hinnata nende võimalikku positiivset panust ühiskonda, majandusse ja kultuuriellu.",Lõimumiskava: https://www.kul.ee/et/eesmargid-tegevused/kultuuriline-mitmekesisus/valdkondlik-arengukava-loimuv-eesti-2020,"Aidata kaasa, et hariduse korraldamisel teadvustataks erinevusi.",Teadvustada oma tegemistes  inimeste erinevusi ja nendega arvestada,"Erinevuste teadvustamisele ja eetilisele käitumisele aitab kaasa kui mõtlen positiivselt ja teadvustan, et armastus on kõige alus"
international-migration,"Motiveerida ja julgustada kohalikke omavalitsusi, vabaühendusi ja ettevõtjaid lõimumisvaldkonnas aktiivsemalt osalema. #lõimumiskava","Probleem: Eestis elavad teistest rahvustest inimesed tajuvad ebavõrdseid võimalusi ühiskonnaelus osalemises, töö-, haridus- kui kultuurielus. Huvi lõimumisalgatusteks on madal, kuigi toetusvõimalused on olemas. ",Lõimumiskava: https://www.kul.ee/et/eesmargid-tegevused/kultuuriline-mitmekesisus/valdkondlik-arengukava-loimuv-eesti-2020,Algatada ühistegevusi ning lõimumisprojekte oma kogukonna inimeste vahel sidususe loomiseks.,Tunnustada ja esile tõsta kogukonnas aktiivselt tegutsevaid toredaid välismaalasi.,"Saan välismaalastest töötajad viia kokku meediaga, Eestisse tööle tulnule tutvustada Eesti elu ja traditsioone, inimesi."
international-migration,"Täiendada üldhariduskoolide õppekava, ainekavu ning õpetajakoolitust sisuga, mis  aitaks mitmekultuurilise ühiskonna temaatika võrdselt kõigi koolilasteni viia. #üldharidusprogramm","Probleem: välismaalastesse suhtutakse eelarvamustega ja ei hinnata nende võimalikku positiivset panust ühiskonda, majandusse ja kultuuriellu.",Haridus- ja teadusstrateegia 2035: https://www.hm.ee/et/kaasamine-osalemine/haridus-ja-teadusstrateegia-aastateks-2021-2035,Luua kohaliku kooli baasil väliseesti sihtgrupile kohandatud haridusteenuste pakett.,Algatada ühistegevusi ning lõimumisprojekte oma kogukonna inimeste vahel sidususe loomiseks.,
international-migration,"Alustada süsteemsemat tööd väljarännanud eestlastega sideme hoidmiseks, et nad teaksid, et on oodatud tagasi ning naasmine oleks lihtsalt korraldatav. #lõimumiskava #HTM","Probleem: tagasirändajatesse suhtutakse mõnikord kui läbikukkujatesse, kes välismaal hakkama ei saanud. ",Lõimumiskava: https://www.kul.ee/et/eesmargid-tegevused/kultuuriline-mitmekesisus/valdkondlik-arengukava-loimuv-eesti-2020,"Anda auhind piirkonnale, kes on suutnud tagasi meelitada rändajaid või teinud nendega head koostööd.",,
work,"Täpsustada TTOS-i töökohta puudutavate nõuete osas tööandjale, et kaugtöö võimalus oleks arvesse võetud. #SOMtöövaldkond","Probleem: kaugtöö potentsiaal on kasutamata, osaliselt võib olla põhjuseks tööandja ebakindlus TTOS nõuete täitmise osas. ",Sotsiaalministeeriumi töövaldkond: https://www.sm.ee/et/toohoive,"Tunnustada kaasavaid tööandjaid, kaugtööd võimaldavaid kohalikke ettevõtjaid. ","Teha koostööd, parimate lahenduste üle diskuteerida.","Ostan Eesti tooteid ja teenuseid, maal elades ja ettevõtjana tegutsedes võimaldan paindlikku tööd oma töötajatele."
work,Muuta töölepinguseadust võimaldades pikemat valveaega. #SOMtöövaldkond,Probleem: kehtiv seadus ei toeta paindlikke töövorme.  ,Sotsiaalministeeriumi töövaldkond: https://www.sm.ee/et/toohoive,Toetada vallas/linnas tegutsevate ettevõtjate koolis/kursustel käimist - heaks tööandjaks õppimist.,Viriseda vähem. ,Toetan laste ettevõtlikkuse kujunemist oma teadmiste ja kogemustega.
work,"Anda kiirendus õpikonto idee edasiarendamisele, (1) tekitades ülevaate olemasoleva tööjõu kvalifikatsioonidest(2) ühendades ühele platvormile olulisemad tööturuteenused (3) soodustades täiend- ja ümberõpet. #SOMtöövaldkond","Probleem: täiend- ja ümberõpe ei ole piisavalt toetatud, uues valdkonnas on inimestel keeruline tööd leida. ",Sotsiaalministeeriumi töövaldkond: https://www.sm.ee/et/toohoive,"Tagada, et oleks loodud piisavalt töökohti sotsiaaltöötajatele, tugiisikutele, psühholoogidele, noorsootöötajatele, kes tegelevad noortega. Vajadusel suurendada nende spetsialistide palgafondi.  ",Koordineerida ja organiseerida kogukonnamajade tööd.,Ettevõtjana loon praktikabaase.
work,Vabastada töötusriskiga gruppide osakoormusega värbamisel tööandjad sotsiaalmaksu miinimumi tasumise nõudest. #SOMtöövaldkond,"Probleem: töötajatel on vähe võimalusi paindlikuks, sh osakoormusega tööks. See jätab osa töövõimelistest inimestest tööturult kõrvale.  ",Sotsiaalministeeriumi töövaldkond: https://www.sm.ee/et/toohoive,"Arvestada kohaliku transpordi hangetel kohalike inimeste vajadustega töö-kodu liikumiseks (liinid, peatused, graafikud, hinnad jne). Kujundada ühistransporditeenused paindlikumaks. ","Julgustada üksteist ümber õppima, jagada infot, innustada oskusi teistega jagama.","Saan osaleda aruteludes ja levitada teadmist, mis on vajalik probleemide lahendamiseks."
work,"Vabastada 13% sotsiaalmaksust tööle kaasatud õpipoiste värbamine (õpilased ja üliõpilased), kes on juba ravikindlustusega kaetud. #tööandjad #SOMtöövaldkond",Probleem: maksukoormus ei motiveeri palkama veel ametit õppivaid töötajaid paralleelselt juhendamisega. ,Sotsiaalministeeriumi töövaldkond: https://www.sm.ee/et/toohoive,Olla jõulisemalt dialoogis riigiga paindlike töövõimaluste arendamise võimaluste küsimuses. ,"Muuta ümber/täiendõpe kogukonnas normaasluseks, tutvustada kogukonnasiseselt üksteise töid.","Sotsiaalteenuste arendamiseks luban märgata hädasolijat, aeg-ajalt panustada vabatahtlikuna."
work,"Kehtestada võimalus töötustaatuseks ka inimesele, kes saab teatud piirmäära ulatuses käsunduslepinguga töötades töötasu. #SOMtöövaldkond",Probleem: enesetäiendamine/ümberõpe ning tööotsingud ei tohiks välistada üksikute tööampsude tegemist. ,Sotsiaalministeeriumi töövaldkond: https://www.sm.ee/et/toohoive,"Võimaldada õppijatele toetusi, tugisüsteeme ettevõtlusega alustamiseks. Aidata kaasa uute töökohtade loomisele. ",Soetada transpordivahendeid ühiselt (ühistuliselt). Kogukonnas jagada sõiduinfot.,"Tööotsijana saan nõuda kaugtöövõimalust, tööandjana kaugtööd võimaldada ja teistele oma häid kogemusi jagada"
work,Täpsustada riiklikus strateegias minimaalsed nõuded (sh noorsootöötaja) noortetööks KOV tasandil ning tagada KOVle vajalikud vahendid kirjeldatud teenuste pakkumiseks. #noortevaldkonnaprogramm,Probleem: liiga paljud noord ei tööta ega õpi. KOV noortetöö ei ole ühtlaselt kvaliteetselt korraldatud ning see ei toeta riiklikult noorsootööle seatud eesmärke.  ,Haridus- ja teadusstrateegia 2035: https://www.hm.ee/et/kaasamine-osalemine/haridus-ja-teadusstrateegia-aastateks-2021-2035,Olla eeskujuks pakkudes osakoormusega töötamise võimalusi. Rakendada ametiasutustes paindlikku tööaega.,"Õppeasutuste hoolekogudes saab püstitada eesmärke ja hoida silm peal, et kooliharidus arvestaks kõigi laste vajadustega.","Selleks, et inimestel oleks rohkem ümberõppe võimalusi saan panustada e-õppe kursustega; aidata info digitaliseerimisega; võimaldada tulla endale töövarjuks."
work,Koolitada juhte ja personalijuhte noorte värbamise spetsiifikast. #SOMtöövaldkond,"Probleem: noorte ootused tööle ei vasta tööturul pakutavale, ootustega mittearvestamine jätab nad tööturult kõrvale. ",Sotsiaalministeeriumi töövaldkond: https://www.sm.ee/et/toohoive,"Luua tingimused, et valla elanikel oleks võimalik liikuda ka äärealale kaugtööle, aidates soetada eluaset, pakkudes laseteaiakohti, huvitegevust, meelelahutusvõimalusi, elukeskkonda ja infot võimaluste kohta.",Leppida olulises ühiselt kokku ning mõjutad otsusetegijaid.,Et nutikamad transpordilahendused hakkaksid tööle saan ma osaleda transpordi jagamise skeemides
work,Alustada kaasava juhtimisprotsessi õpetamisega juba põhi- ja keskkoolis (+kutse- ja ülikoolis). #üldharidusprogramm,Probleem: juhtimiskvaliteet on Eesti ettevõtetes ja organisatsioonides madal. ,Haridus- ja teadusstrateegia 2035: https://www.hm.ee/et/kaasamine-osalemine/haridus-ja-teadusstrateegia-aastateks-2021-2035,"Jagada ümberõppe võimaluste kohta infot, suunata töötajaid ja ka teisi kogukonnaliikmeid ümberõppele.",Toetada omavalitsuse kaasavat tegutsemist ja välja vilistada käsud-keelud.,Juhtimiskvaliteedi paranemiseks püüan juhina praktiseerida juhtimisvastutuse jagamist. Püüan kaasata teisi seltskondlikku/meeskondlikku juhtimisse. Tegelen enda jaoks juhtimise lahti mõtestamisega.
work,Luua tellimuspõhise liikuvuse toetav raamistik ja mudel,Probleem: liikumis- ja transpordivõimalused ei toeta  paindlikke töövorme ning kaugtööd. ,,"Tellida teenuseid oma KOVi noortelt ettevõtjatelt, positiivseid näiteid sõeluda ja võimendada, toetada noorte kogemusvahetuse programme.","Ühised ettevõtmised, noorte kaasamine, väärtushinnangute kujundamine, märkamine, tunnustamine.","Selleks, et noortel oleks ettevõtluse alustamiseks rohkem tuge ja võimalusi, saan mina olla vabatahtlikuks mentoriks, pakkuda abi vastavalt oskustele ja vajadustele."
work,"Parandada karjääriõppe terviklikkust, lisades erinevaid võimalusi ja programme. Mh motiveerida karjääriõppe juhendajaid koostööks ettevõtjatega. Kaaluda karjääriõppe kohustuslikuks muutmist. #üldharidusprogramm","Probleem: liiga paljud noortest ei tööta ega õpi. Karjääriõpe ei ole ühtlaselt kättesaadav, mis loob noortele ebavõrdse stardipositsiooni.  ",Haridus- ja teadusstrateegia 2035: https://www.hm.ee/et/kaasamine-osalemine/haridus-ja-teadusstrateegia-aastateks-2021-2035,"Korrastada kogukonna/kogukondade ideed ja viia need selge sõnumina edasi (omavalitsusliidud, ministeerium)","Rääkida kaasa hariduse teemadel, pöörata kollektiivselt tähelepanu sellele, et me ei kasvataks üles uusabitut pölvkonda, väärtushinnangud ja suhtumine korda, teineteise toetamine ja öpetamine.","Selleks, et puuetega inimestel oleks rohkem töövõimalusi, saan pakkuda tööandjale oma puudega sõpra (soovitajana)."
work,,,,"Soodustada kaugtööd: toetada kaugtöökeskuste/multifunktsionaalsete kogukonnakeskuste rajamist (päeval avatud kontor-kaugtöökeskus, õhtul muud kogukonna üritused/teenused). ",Koostöös huvitatud organisatsioonidega koondada ja levitada häid kaugtööpraktikaid.,"Jagan kogemuslugusid ja teadmist koolide-tööandjate koostööst, jagada kogemust enda panusest töötajate arengusse ja täiendõppesse, järelkasvu tagamisse."
work,,,,"Viia kokku kohalikud tööandjad ja haridusasutused, pakkuda neile koostööks tuge ja know-howd, sh ettevõtlus-eeskujude seadmine edulugude jutustamise kaudu. ",Korraldada ümberõppe populariseerimise programm 45+ sihtrühmale (nt. tööandjate -Töötukassa koostöös).,"Saan olla eeskujuks - ei kiirusta. Olla ise ettevõtja, kes mõõdab tulemusi teisiti kui sissepandud ajas."
work,,,,Rahastada puuetega inimeste transporti (tööle ja koju).,Tuua esile häid näiteid töötavatest erivajadustega noortest.,"Saan lastele selgitada, et töötada saab erinevatel viisidel."
work,,,,,Kommunikeerida edukate ettevõtete näidetele tuginedes miks on töötajate kaasamata jätmine majanduslikult kahjulik.,"Näiteks psühholoogide seas saaks korraldada ""speed-date"" ürituse, kus toimub psühholoogide ja abivajajate kokkuviimine."
work,,,,,,Ei mõista naabrit hukka ega võistle temaga.